2019-09-14 12:53:17.059717,-9.600000381469727,39.79999923706055
2019-09-14 12:53:22.596646,-9.600000381469727,39.70000076293945
2019-09-14 12:53:28.128494,-9.600000381469727,39.70000076293945
2019-09-14 12:53:33.660261,-9.600000381469727,39.70000076293945
2019-09-14 12:53:39.190780,-9.600000381469727,39.70000076293945
2019-09-14 12:53:44.720858,-9.600000381469727,39.70000076293945
2019-09-14 12:53:50.252231,-9.600000381469727,39.70000076293945
2019-09-14 12:53:55.780783,-9.600000381469727,39.70000076293945
2019-09-14 12:54:01.310802,-9.600000381469727,39.5
2019-09-14 12:54:09.381427,-9.600000381469727,39.70000076293945
2019-09-14 12:54:14.910853,-9.600000381469727,39.70000076293945
2019-09-14 12:54:20.442725,-9.600000381469727,39.70000076293945
2019-09-14 12:54:25.974565,-9.600000381469727,39.70000076293945
2019-09-14 12:54:31.506301,-9.600000381469727,39.70000076293945
2019-09-14 12:54:39.566204,-9.600000381469727,39.70000076293945
2019-09-14 12:54:47.625967,-9.600000381469727,39.70000076293945
2019-09-14 12:54:53.157730,-9.600000381469727,39.70000076293945
2019-09-14 12:54:58.689492,-9.600000381469727,39.70000076293945
2019-09-14 12:55:04.221361,-9.600000381469727,39.70000076293945
2019-09-14 12:55:09.750841,-9.600000381469727,39.70000076293945
2019-09-14 12:55:15.282668,-9.600000381469727,39.70000076293945
2019-09-14 12:55:20.814448,-9.600000381469727,39.70000076293945
2019-09-14 12:55:26.346201,-9.600000381469727,39.599998474121094
2019-09-14 12:55:34.405912,-9.600000381469727,39.599998474121094
2019-09-14 12:55:39.937594,-9.600000381469727,39.599998474121094
2019-09-14 12:55:50.525076,-9.600000381469727,39.599998474121094
2019-09-14 12:55:56.056920,-9.600000381469727,39.599998474121094
2019-09-14 12:56:01.588759,-9.600000381469727,39.599998474121094
2019-09-14 12:56:07.120552,-9.600000381469727,39.599998474121094
2019-09-14 12:56:12.650784,-9.600000381469727,39.599998474121094
2019-09-14 12:56:18.190824,-9.600000381469727,39.29999923706055
2019-09-14 12:56:23.722545,-9.600000381469727,39.599998474121094
2019-09-14 12:56:29.254409,-9.600000381469727,39.599998474121094
2019-09-14 12:56:34.786121,-9.600000381469727,39.599998474121094
2019-09-14 12:56:40.317939,-9.600000381469727,39.5
2019-09-14 12:56:48.377591,-9.600000381469727,39.5
2019-09-14 12:56:58.965006,-9.600000381469727,39.5
2019-09-14 12:57:04.496759,-9.600000381469727,39.5
2019-09-14 12:57:10.028448,-9.600000381469727,39.5
2019-09-14 12:57:15.560086,-9.600000381469727,39.5
2019-09-14 12:57:21.091886,-9.600000381469727,39.5
2019-09-14 12:57:26.623549,-9.600000381469727,39.5
2019-09-14 12:57:39.736211,-9.600000381469727,39.5
2019-09-14 12:57:47.794434,-9.600000381469727,39.5
2019-09-14 12:57:53.320799,-9.600000381469727,39.5
2019-09-14 12:57:58.851722,-9.600000381469727,39.599998474121094
2019-09-14 12:58:04.383588,-9.600000381469727,39.599998474121094
2019-09-14 12:58:09.910933,-9.600000381469727,39.599998474121094
2019-09-14 12:58:15.442842,-9.699999809265137,39.5
2019-09-14 12:58:20.974745,-9.699999809265137,39.5
2019-09-14 12:58:26.506718,-9.699999809265137,39.5
2019-09-14 12:58:34.570198,-9.699999809265137,39.5
2019-09-14 12:58:40.102257,-9.699999809265137,39.5
2019-09-14 12:58:45.634275,-9.699999809265137,39.5
2019-09-14 12:58:51.166233,-9.699999809265137,39.5
2019-09-14 12:58:56.698177,-9.699999809265137,39.5
2019-09-14 12:59:02.230146,-9.699999809265137,39.5
2019-09-14 12:59:07.760899,-9.600000381469727,39.599998474121094
2019-09-14 12:59:13.292794,-9.600000381469727,39.599998474121094
2019-09-14 12:59:18.824770,-9.600000381469727,39.599998474121094
2019-09-14 12:59:24.356651,-9.600000381469727,39.599998474121094
2019-09-14 12:59:29.888590,-9.600000381469727,39.599998474121094
2019-09-14 12:59:35.420474,-9.600000381469727,39.599998474121094
2019-09-14 12:59:40.952491,-9.600000381469727,39.599998474121094
2019-09-14 12:59:46.484491,-9.699999809265137,39.5
2019-09-14 12:59:52.010834,-9.699999809265137,39.5
2019-09-14 12:59:57.541557,-9.699999809265137,39.5
2019-09-14 13:00:05.604270,-9.699999809265137,39.5
2019-09-14 13:00:11.135188,-9.699999809265137,39.5
2019-09-14 13:00:16.666035,-9.699999809265137,39.5
2019-09-14 13:00:22.196867,-9.699999809265137,39.5
2019-09-14 13:00:27.729132,-9.699999809265137,39.5
2019-09-14 13:00:33.261315,-9.699999809265137,39.5
2019-09-14 13:00:38.793826,-9.600000381469727,39.599998474121094
2019-09-14 13:00:44.325727,-9.699999809265137,39.5
2019-09-14 13:00:49.857662,-9.600000381469727,39.599998474121094
2019-09-14 13:00:55.388391,-9.600000381469727,39.599998474121094
2019-09-14 13:01:00.919141,-9.600000381469727,39.599998474121094
2019-09-14 13:01:06.450829,-9.600000381469727,39.5
2019-09-14 13:01:11.980861,-9.699999809265137,39.5
2019-09-14 13:01:17.512465,-9.600000381469727,39.5
2019-09-14 13:01:23.044190,-9.600000381469727,39.5
2019-09-14 13:01:28.576697,-9.600000381469727,39.5
2019-09-14 13:01:34.108667,-9.600000381469727,39.5
2019-09-14 13:01:39.640965,-9.600000381469727,39.5
2019-09-14 13:01:45.173404,-9.600000381469727,39.5
2019-09-14 13:01:50.700859,-9.600000381469727,39.5
2019-09-14 13:01:56.231669,-9.600000381469727,39.5
2019-09-14 13:02:01.760869,-9.600000381469727,39.5
2019-09-14 13:02:07.293695,-9.600000381469727,39.5
2019-09-14 13:02:12.825514,-9.699999809265137,39.400001525878906
2019-09-14 13:02:18.357329,-9.699999809265137,39.5
2019-09-14 13:02:28.945345,-9.699999809265137,39.5
2019-09-14 13:02:34.477278,-9.699999809265137,39.400001525878906
2019-09-14 13:02:45.064958,-9.699999809265137,39.400001525878906
2019-09-14 13:02:50.596800,-9.699999809265137,39.400001525878906
2019-09-14 13:02:56.128653,-9.699999809265137,39.400001525878906
2019-09-14 13:03:04.192095,-9.699999809265137,39.400001525878906
2019-09-14 13:03:09.723930,-9.699999809265137,39.5
2019-09-14 13:03:15.256126,-9.699999809265137,39.5
2019-09-14 13:03:23.316163,-9.699999809265137,39.400001525878906
2019-09-14 13:03:31.376126,-9.699999809265137,39.400001525878906
2019-09-14 13:03:49.558112,-9.699999809265137,39.400001525878906
2019-09-14 13:03:55.089097,-9.699999809265137,39.400001525878906
2019-09-14 13:04:00.620399,-9.699999809265137,39.400001525878906
2019-09-14 13:04:06.150887,-9.699999809265137,39.400001525878906
2019-09-14 13:04:11.682198,-9.600000381469727,39.5
2019-09-14 13:04:17.216021,-9.699999809265137,39.400001525878906
2019-09-14 13:04:22.748917,-9.600000381469727,39.5
2019-09-14 13:04:30.809928,-9.600000381469727,39.20000076293945
2019-09-14 13:04:36.341846,-9.600000381469727,39.5
2019-09-14 13:04:41.876014,-9.699999809265137,39.29999923706055
2019-09-14 13:04:49.934275,-9.699999809265137,39.400001525878906
2019-09-14 13:04:55.465711,-9.699999809265137,39.29999923706055
2019-09-14 13:05:03.528074,-9.699999809265137,39.29999923706055
2019-09-14 13:05:09.060889,-9.600000381469727,39.0
2019-09-14 13:05:14.592441,-9.699999809265137,39.29999923706055
2019-09-14 13:05:20.123554,-9.699999809265137,39.29999923706055
2019-09-14 13:05:30.710824,-9.600000381469727,39.400001525878906
2019-09-14 13:05:36.241516,-9.600000381469727,39.400001525878906
2019-09-14 13:05:41.770841,-9.699999809265137,39.29999923706055
2019-09-14 13:05:47.302207,-9.600000381469727,39.400001525878906
2019-09-14 13:05:52.832933,-9.699999809265137,39.400001525878906
2019-09-14 13:05:58.360851,-9.699999809265137,39.29999923706055
2019-09-14 13:06:06.419087,-9.699999809265137,39.29999923706055
2019-09-14 13:06:17.000835,-9.699999809265137,39.29999923706055
2019-09-14 13:06:22.531558,-9.699999809265137,39.29999923706055
2019-09-14 13:06:28.060830,-9.699999809265137,39.5
2019-09-14 13:06:36.122237,-9.699999809265137,39.400001525878906
2019-09-14 13:06:41.650838,-9.699999809265137,39.400001525878906
2019-09-14 13:06:47.182216,-9.699999809265137,39.400001525878906
2019-09-14 13:06:52.713264,-9.699999809265137,39.400001525878906
2019-09-14 13:06:58.244604,-9.699999809265137,39.400001525878906
2019-09-14 13:07:03.770953,-9.699999809265137,39.400001525878906
2019-09-14 13:07:09.302343,-9.699999809265137,39.400001525878906
2019-09-14 13:07:14.830877,-9.699999809265137,39.400001525878906
2019-09-14 13:07:20.362276,-9.699999809265137,39.400001525878906
2019-09-14 13:07:25.891669,-9.800000190734863,39.29999923706055
2019-09-14 13:07:31.420820,-9.699999809265137,39.400001525878906
2019-09-14 13:07:36.950852,-9.699999809265137,39.400001525878906
2019-09-14 13:07:42.481562,-9.699999809265137,39.400001525878906
2019-09-14 13:07:48.010836,-9.699999809265137,39.400001525878906
2019-09-14 13:07:53.541545,-9.800000190734863,39.29999923706055
2019-09-14 13:08:01.600415,-9.699999809265137,39.400001525878906
2019-09-14 13:08:07.131884,-9.699999809265137,39.5
2019-09-14 13:08:12.663030,-9.699999809265137,39.5
2019-09-14 13:08:18.193772,-9.699999809265137,39.5
2019-09-14 13:08:23.724887,-9.699999809265137,39.5
2019-09-14 13:08:29.256319,-9.699999809265137,39.400001525878906
2019-09-14 13:08:37.314912,-9.699999809265137,39.400001525878906
2019-09-14 13:08:42.847160,-9.699999809265137,39.400001525878906
2019-09-14 13:08:48.378639,-9.699999809265137,39.400001525878906
2019-09-14 13:08:56.437165,-9.600000381469727,39.5
2019-09-14 13:09:04.494894,-9.699999809265137,39.400001525878906
2019-09-14 13:09:12.553114,-9.699999809265137,39.400001525878906
2019-09-14 13:09:18.083701,-9.699999809265137,39.400001525878906
2019-09-14 13:09:23.614682,-9.699999809265137,39.400001525878906
2019-09-14 13:09:29.146077,-9.699999809265137,39.400001525878906
2019-09-14 13:09:37.201129,-9.699999809265137,39.400001525878906
2019-09-14 13:09:42.730865,-9.699999809265137,39.400001525878906
2019-09-14 13:09:48.262187,-9.699999809265137,39.400001525878906
2019-09-14 13:09:56.320112,-9.699999809265137,39.400001525878906
2019-09-14 13:10:01.851736,-9.699999809265137,39.400001525878906
2019-09-14 13:10:07.383126,-9.699999809265137,39.400001525878906
2019-09-14 13:10:15.441088,-9.800000190734863,39.29999923706055
2019-09-14 13:10:23.499653,-9.699999809265137,39.400001525878906
2019-09-14 13:17:23.193783,-9.699999809265137,39.400001525878906
2019-09-14 13:17:37.483509,-9.699999809265137,39.400001525878906
2019-09-14 13:17:43.017487,-9.699999809265137,39.400001525878906
2019-09-14 13:17:48.548391,-9.699999809265137,39.400001525878906
2019-09-14 13:18:30.667204,-9.699999809265137,39.400001525878906
2019-09-14 13:18:32.001166,-9.800000190734863,39.29999923706055
2019-09-14 13:18:34.001893,-9.800000190734863,39.29999923706055
2019-09-14 13:18:39.002270,-9.800000190734863,39.29999923706055
2019-09-14 13:18:43.003886,-9.800000190734863,39.400001525878906
2019-09-14 13:21:28.393535,-9.800000190734863,39.400001525878906
2019-09-14 13:21:30.001378,-9.699999809265137,39.5
2019-09-14 13:21:35.004854,-9.699999809265137,39.5
2019-09-14 13:21:40.004749,-9.699999809265137,39.5
2019-09-14 13:21:45.002272,-9.699999809265137,39.400001525878906
2019-09-14 13:22:00.671321,-9.699999809265137,39.400001525878906
2019-09-14 13:22:01.200770,-9.699999809265137,39.400001525878906
2019-09-14 13:25:41.414590,-9.899999618530273,39.20000076293945
2019-09-14 13:25:50.003391,-9.800000190734863,39.29999923706055
2019-09-14 13:25:55.004845,-9.800000190734863,39.29999923706055
2019-09-14 13:26:41.723412,-9.800000190734863,39.5
2019-09-14 13:26:45.003146,-9.800000190734863,39.29999923706055
2019-09-14 13:26:50.004763,-9.800000190734863,39.29999923706055
2019-09-14 13:26:55.004849,-9.800000190734863,39.29999923706055
2019-09-14 13:27:00.002309,-9.800000190734863,39.29999923706055
2019-09-14 13:27:05.000934,-9.800000190734863,39.29999923706055
2019-09-14 13:27:35.959696,-9.800000190734863,39.29999923706055
2019-09-14 13:27:40.003801,-9.800000190734863,39.20000076293945
2019-09-14 13:27:45.002262,-9.800000190734863,39.20000076293945
2019-09-14 13:27:50.004699,-9.800000190734863,39.20000076293945
2019-09-14 13:27:55.004698,-9.800000190734863,39.20000076293945
2019-09-14 13:28:00.004822,-9.800000190734863,39.20000076293945
2019-09-14 13:28:05.004834,-9.800000190734863,39.20000076293945
2019-09-14 13:28:10.004692,-9.800000190734863,39.20000076293945
2019-09-14 13:28:15.004871,-9.800000190734863,39.20000076293945
2019-09-14 13:28:20.004698,-9.800000190734863,39.20000076293945
2019-09-14 13:28:25.004957,-9.800000190734863,39.20000076293945
2019-09-14 13:28:30.004801,-9.800000190734863,39.20000076293945
2019-09-14 13:28:35.004693,-9.800000190734863,39.20000076293945
2019-09-14 13:28:40.004795,-9.800000190734863,39.20000076293945
2019-09-14 13:28:45.004738,-9.800000190734863,39.20000076293945
2019-09-14 13:29:19.353131,-9.699999809265137,39.29999923706055
2019-09-14 13:29:20.000248,-9.800000190734863,39.20000076293945
2019-09-14 13:29:25.004548,-9.800000190734863,39.20000076293945
2019-09-14 13:29:30.004571,-9.800000190734863,39.20000076293945
2019-09-14 13:29:35.004572,-9.800000190734863,39.20000076293945
2019-09-14 13:29:40.004553,-9.800000190734863,39.20000076293945
2019-09-14 13:29:45.004573,-9.800000190734863,39.099998474121094
2019-09-14 13:29:50.004616,-9.800000190734863,39.20000076293945
2019-09-14 13:29:55.004579,-9.800000190734863,39.099998474121094
2019-09-14 13:30:00.004601,-9.800000190734863,39.099998474121094
2019-09-14 13:30:05.004600,-9.800000190734863,39.099998474121094
2019-09-14 13:30:10.004624,-9.800000190734863,39.099998474121094
2019-09-14 13:30:15.004604,-9.800000190734863,39.099998474121094
2019-09-14 13:30:20.004596,-9.800000190734863,39.099998474121094
2019-09-14 13:30:25.004610,-9.800000190734863,39.099998474121094
2019-09-14 13:30:35.004523,-9.800000190734863,39.099998474121094
2019-09-14 13:30:40.004599,-9.899999618530273,39.0
2019-09-14 13:30:45.004579,-9.899999618530273,39.0
2019-09-14 13:30:50.004552,-9.800000190734863,39.099998474121094
2019-09-14 13:30:55.004574,-9.800000190734863,39.099998474121094
2019-09-14 13:31:00.004569,-9.800000190734863,39.099998474121094
2019-09-14 13:31:05.004548,-9.899999618530273,39.0
2019-09-14 13:31:10.004597,-9.800000190734863,39.099998474121094
2019-09-14 13:31:15.004555,-9.800000190734863,39.099998474121094
2019-09-14 13:31:20.004545,-9.800000190734863,39.099998474121094
2019-09-14 13:31:25.004586,-9.800000190734863,39.099998474121094
2019-09-14 13:31:30.004553,-9.800000190734863,39.099998474121094
2019-09-14 13:31:35.004598,-9.800000190734863,39.099998474121094
2019-09-14 13:31:40.004580,-9.800000190734863,39.099998474121094
2019-09-14 13:31:45.004551,-9.800000190734863,39.099998474121094
2019-09-14 13:31:50.004595,-9.800000190734863,39.099998474121094
2019-09-14 13:31:55.004577,-9.899999618530273,39.0
2019-09-14 13:32:00.000792,-9.800000190734863,39.099998474121094
2019-09-14 13:32:05.004604,-9.800000190734863,39.099998474121094
2019-09-14 13:32:10.004597,-9.800000190734863,39.099998474121094
2019-09-14 13:32:15.004597,-9.800000190734863,39.099998474121094
2019-09-14 13:32:20.004597,-9.800000190734863,39.099998474121094
2019-09-14 13:32:25.004594,-9.800000190734863,39.099998474121094
2019-09-14 13:32:30.004603,-9.800000190734863,39.099998474121094
2019-09-14 13:32:35.004598,-9.800000190734863,39.099998474121094
2019-09-14 13:32:40.004602,-9.800000190734863,39.099998474121094
2019-09-14 13:32:45.004594,-9.800000190734863,39.099998474121094
2019-09-14 13:32:50.000478,-9.800000190734863,39.0
2019-09-14 13:32:55.004602,-9.800000190734863,39.099998474121094
2019-09-14 13:33:00.004600,-9.800000190734863,39.0
2019-09-14 13:33:05.004609,-9.800000190734863,39.0
2019-09-14 13:33:10.004583,-9.800000190734863,39.0
2019-09-14 13:33:15.004598,-9.800000190734863,39.099998474121094
2019-09-14 13:33:20.004595,-9.800000190734863,39.099998474121094
2019-09-14 13:33:25.004602,-9.800000190734863,39.099998474121094
2019-09-14 13:33:30.004600,-9.800000190734863,39.099998474121094
2019-09-14 13:33:35.004603,-9.800000190734863,39.099998474121094
2019-09-14 13:33:40.004592,-9.800000190734863,39.099998474121094
2019-09-14 13:33:45.004590,-9.800000190734863,39.099998474121094
2019-09-14 13:33:50.004600,-9.800000190734863,39.099998474121094
2019-09-14 13:33:55.004591,-9.800000190734863,39.0
2019-09-14 13:34:00.004607,-9.800000190734863,39.0
2019-09-14 13:34:05.004601,-9.800000190734863,39.0
2019-09-14 13:34:10.004590,-9.800000190734863,39.0
2019-09-14 13:34:15.004596,-9.800000190734863,39.0
2019-09-14 13:34:20.004603,-9.800000190734863,39.0
2019-09-14 13:34:25.004592,-9.800000190734863,39.0
2019-09-14 13:34:30.004601,-9.800000190734863,39.0
2019-09-14 13:34:35.004594,-9.800000190734863,39.0
2019-09-14 13:34:40.004600,-9.800000190734863,39.0
2019-09-14 13:34:45.002049,-9.800000190734863,39.0
2019-09-14 13:34:50.004603,-9.800000190734863,39.0
2019-09-14 13:34:55.004590,-9.800000190734863,39.0
2019-09-14 13:35:00.004610,-9.800000190734863,39.0
2019-09-14 13:35:05.004600,-9.800000190734863,39.0
2019-09-14 13:35:10.004590,-9.800000190734863,39.0
2019-09-14 13:35:15.004603,-9.800000190734863,39.0
2019-09-14 13:35:20.004594,-9.800000190734863,38.900001525878906
2019-09-14 13:35:25.004602,-9.800000190734863,38.900001525878906
2019-09-14 13:35:30.004590,-9.800000190734863,38.900001525878906
2019-09-14 13:35:35.004598,-9.800000190734863,39.0
2019-09-14 13:35:40.004597,-9.800000190734863,39.0
2019-09-14 13:35:45.004588,-9.800000190734863,39.0
2019-09-14 13:35:50.004597,-9.800000190734863,38.900001525878906
2019-09-14 13:35:55.004593,-9.800000190734863,38.900001525878906
2019-09-14 13:36:00.004604,-9.800000190734863,39.0
2019-09-14 13:36:05.004603,-9.800000190734863,39.0
2019-09-14 13:36:10.004593,-9.800000190734863,39.0
2019-09-14 13:36:15.004600,-9.800000190734863,39.0
2019-09-14 13:36:20.004588,-9.800000190734863,39.0
2019-09-14 13:36:25.004599,-9.800000190734863,39.0
2019-09-14 13:36:30.004595,-9.800000190734863,39.0
2019-09-14 13:36:35.004597,-9.800000190734863,39.0
2019-09-14 13:36:40.004595,-9.800000190734863,39.0
2019-09-14 13:36:45.004591,-9.800000190734863,39.0
2019-09-14 13:36:50.004605,-9.899999618530273,38.900001525878906
2019-09-14 13:36:55.004595,-9.899999618530273,38.900001525878906
2019-09-14 13:37:00.000889,-9.800000190734863,39.0
2019-09-14 13:37:05.000844,-9.800000190734863,39.0
2019-09-14 13:37:10.000868,-9.899999618530273,38.900001525878906
2019-09-14 13:37:15.000848,-9.899999618530273,38.900001525878906
2019-09-14 13:37:20.000863,-9.899999618530273,38.900001525878906
2019-09-14 13:37:25.000869,-9.899999618530273,38.900001525878906
2019-09-14 13:37:30.000861,-9.899999618530273,38.900001525878906
2019-09-14 13:37:35.000845,-9.899999618530273,38.900001525878906
2019-09-14 13:37:40.000842,-9.899999618530273,38.900001525878906
2019-09-14 13:37:45.000872,-9.899999618530273,38.900001525878906
2019-09-14 13:37:50.000872,-9.899999618530273,38.900001525878906
2019-09-14 13:37:55.000847,-9.800000190734863,39.0
2019-09-14 13:38:00.000859,-9.899999618530273,38.900001525878906
2019-09-14 13:38:05.000842,-9.899999618530273,38.900001525878906
2019-09-14 13:38:10.000845,-9.899999618530273,38.900001525878906
2019-09-14 13:38:15.000873,-9.899999618530273,38.900001525878906
2019-09-14 13:38:20.000870,-9.800000190734863,39.0
2019-09-14 13:38:25.000846,-9.899999618530273,38.900001525878906
2019-09-14 13:38:30.000866,-9.800000190734863,39.099998474121094
2019-09-14 13:38:35.000874,-9.899999618530273,39.0
2019-09-14 13:38:40.000876,-9.800000190734863,39.099998474121094
2019-09-14 13:38:45.000843,-9.899999618530273,39.0
2019-09-14 13:38:50.000872,-9.800000190734863,39.099998474121094
2019-09-14 13:38:55.000873,-9.899999618530273,38.900001525878906
2019-09-14 13:39:00.000882,-9.899999618530273,38.900001525878906
2019-09-14 13:39:05.004612,-9.899999618530273,38.900001525878906
2019-09-14 13:39:10.004593,-9.899999618530273,38.900001525878906
2019-09-14 13:39:15.004593,-9.899999618530273,38.900001525878906
2019-09-14 13:39:20.004635,-9.899999618530273,38.900001525878906
2019-09-14 13:39:25.004594,-9.899999618530273,38.900001525878906
2019-09-14 13:39:30.004611,-9.899999618530273,38.900001525878906
2019-09-14 13:39:35.004603,-9.899999618530273,38.900001525878906
2019-09-14 13:39:40.004600,-9.899999618530273,39.0
2019-09-14 13:39:45.004573,-9.899999618530273,39.0
2019-09-14 13:39:50.004650,-9.899999618530273,39.0
2019-09-14 13:39:55.004603,-9.899999618530273,39.0
2019-09-14 13:40:00.004613,-9.899999618530273,38.900001525878906
2019-09-14 13:40:05.004599,-9.899999618530273,38.900001525878906
2019-09-14 13:40:10.004599,-9.899999618530273,38.900001525878906
2019-09-14 13:40:15.004598,-9.899999618530273,38.900001525878906
2019-09-14 13:40:20.002082,-9.899999618530273,38.900001525878906
2019-09-14 13:40:25.004605,-9.899999618530273,38.900001525878906
2019-09-14 13:40:30.000845,-9.899999618530273,38.900001525878906
2019-09-14 13:40:35.004589,-9.899999618530273,38.900001525878906
2019-09-14 13:40:40.004601,-9.899999618530273,38.900001525878906
2019-09-14 13:40:45.004604,-9.899999618530273,38.900001525878906
2019-09-14 13:40:50.004632,-9.899999618530273,38.900001525878906
2019-09-14 13:40:55.004594,-9.899999618530273,38.900001525878906
2019-09-14 13:41:00.004611,-9.899999618530273,38.900001525878906
2019-09-14 13:41:05.004603,-9.899999618530273,38.900001525878906
2019-09-14 13:41:10.002036,-9.899999618530273,38.900001525878906
2019-09-14 13:41:15.000790,-9.899999618530273,38.900001525878906
2019-09-14 13:41:20.004576,-9.899999618530273,38.900001525878906
2019-09-14 13:41:25.000805,-9.899999618530273,38.900001525878906
2019-09-14 13:41:30.000897,-9.899999618530273,38.900001525878906
2019-09-14 13:41:35.004609,-9.899999618530273,38.900001525878906
2019-09-14 13:41:40.004600,-9.899999618530273,38.900001525878906
2019-09-14 13:41:45.004601,-9.800000190734863,39.0
2019-09-14 13:41:50.004600,-9.899999618530273,38.900001525878906
2019-09-14 13:41:55.004598,-9.899999618530273,38.900001525878906
2019-09-14 13:42:00.004650,-9.899999618530273,38.900001525878906
2019-09-14 13:42:05.004609,-9.899999618530273,38.900001525878906
2019-09-14 13:42:10.004595,-9.899999618530273,38.900001525878906
2019-09-14 13:42:15.004598,-9.899999618530273,38.900001525878906
2019-09-14 13:42:20.004600,-9.899999618530273,38.900001525878906
2019-09-14 13:42:25.004597,-9.899999618530273,38.900001525878906
2019-09-14 13:42:30.004597,-9.899999618530273,38.900001525878906
2019-09-14 13:42:35.004601,-9.899999618530273,38.900001525878906
2019-09-14 13:42:40.004625,-9.899999618530273,38.900001525878906
2019-09-14 13:42:45.004598,-9.899999618530273,38.900001525878906
2019-09-14 13:42:50.004601,-9.899999618530273,38.900001525878906
2019-09-14 13:42:55.004596,-9.899999618530273,38.900001525878906
2019-09-14 13:43:00.004608,-9.899999618530273,38.900001525878906
2019-09-14 13:43:05.004608,-9.899999618530273,38.900001525878906
2019-09-14 13:43:10.004599,-9.899999618530273,38.900001525878906
2019-09-14 13:43:15.002052,-9.899999618530273,38.900001525878906
2019-09-14 13:43:20.004603,-9.899999618530273,38.900001525878906
2019-09-14 13:43:25.004598,-9.899999618530273,38.900001525878906
2019-09-14 13:43:30.004596,-9.899999618530273,38.900001525878906
2019-09-14 13:43:35.004601,-9.899999618530273,38.900001525878906
2019-09-14 13:43:40.004599,-9.899999618530273,38.900001525878906
2019-09-14 13:43:45.004600,-9.899999618530273,38.900001525878906
2019-09-14 13:43:50.004599,-9.899999618530273,38.900001525878906
2019-09-14 13:43:55.002060,-9.899999618530273,38.900001525878906
2019-09-14 13:44:00.004601,-9.899999618530273,38.900001525878906
2019-09-14 13:44:05.002061,-9.899999618530273,39.0
2019-09-14 13:44:10.004601,-9.899999618530273,38.900001525878906
2019-09-14 13:44:15.004602,-9.899999618530273,39.0
2019-09-14 13:44:20.004601,-9.899999618530273,39.0
2019-09-14 13:44:25.004598,-9.899999618530273,39.0
2019-09-14 13:44:30.004599,-9.899999618530273,39.0
2019-09-14 13:44:35.004600,-9.899999618530273,39.0
2019-09-14 13:44:40.004614,-9.899999618530273,39.0
2019-09-14 13:44:45.000828,-10.0,38.900001525878906
2019-09-14 13:44:55.004559,-9.899999618530273,39.0
2019-09-14 13:45:00.004548,-10.0,39.0
2019-09-14 13:45:05.004552,-9.899999618530273,39.099998474121094
2019-09-14 13:45:10.002054,-9.899999618530273,39.099998474121094
2019-09-14 13:45:15.004587,-10.0,39.0
2019-09-14 13:45:20.004628,-10.0,39.0
2019-09-14 13:45:25.004604,-10.0,39.0
2019-09-14 13:45:30.004598,-9.899999618530273,39.099998474121094
2019-09-14 13:45:35.002065,-10.0,39.0
2019-09-14 13:45:40.000870,-9.899999618530273,39.099998474121094
2019-09-14 13:45:45.002029,-10.0,39.0
2019-09-14 13:45:50.004574,-9.899999618530273,39.099998474121094
2019-09-14 13:45:55.004594,-10.0,39.0
2019-09-14 13:46:00.004578,-10.0,39.0
2019-09-14 13:46:10.004536,-10.0,39.0
2019-09-14 13:46:15.004597,-10.0,39.0
2019-09-14 13:46:20.002090,-10.0,39.0
2019-09-14 13:46:25.004595,-9.899999618530273,39.099998474121094
2019-09-14 13:46:30.004589,-10.0,39.0
2019-09-14 13:46:35.004603,-10.0,39.0
2019-09-14 13:46:40.004607,-9.899999618530273,39.099998474121094
2019-09-14 13:46:45.004629,-9.899999618530273,39.099998474121094
2019-09-14 13:46:50.004623,-9.899999618530273,39.099998474121094
2019-09-14 13:46:55.004622,-9.899999618530273,39.099998474121094
2019-09-14 13:47:00.000960,-9.899999618530273,39.099998474121094
2019-09-14 13:47:05.004606,-9.899999618530273,39.099998474121094
2019-09-14 13:47:10.004631,-9.899999618530273,39.099998474121094
2019-09-14 13:47:15.004599,-9.899999618530273,39.099998474121094
2019-09-14 13:47:20.004603,-9.899999618530273,39.099998474121094
2019-09-14 13:47:25.004634,-9.899999618530273,39.099998474121094
2019-09-14 13:47:30.004602,-9.899999618530273,39.099998474121094
2019-09-14 13:47:35.004596,-9.899999618530273,39.099998474121094
2019-09-14 13:47:40.004593,-9.899999618530273,39.099998474121094
2019-09-14 13:47:45.004630,-9.899999618530273,39.099998474121094
2019-09-14 13:47:50.004598,-9.899999618530273,39.0
2019-09-14 13:47:55.004608,-9.899999618530273,39.0
2019-09-14 13:48:05.004526,-9.899999618530273,39.0
2019-09-14 13:48:10.004597,-9.899999618530273,39.0
2019-09-14 13:48:15.004597,-9.899999618530273,39.0
2019-09-14 13:48:20.004603,-9.800000190734863,39.099998474121094
2019-09-14 13:48:25.004600,-9.899999618530273,39.0
2019-09-14 13:48:30.004624,-9.899999618530273,39.0
2019-09-14 13:48:35.004619,-9.899999618530273,39.0
2019-09-14 13:48:40.000791,-9.899999618530273,39.0
2019-09-14 13:48:45.004557,-9.899999618530273,39.0
2019-09-14 13:48:50.004555,-9.899999618530273,39.0
2019-09-14 13:48:55.002064,-9.899999618530273,39.0
2019-09-14 13:49:00.004552,-9.899999618530273,39.0
2019-09-14 13:49:05.004574,-9.899999618530273,39.0
2019-09-14 13:49:10.004622,-9.899999618530273,39.0
2019-09-14 13:49:15.001953,-9.899999618530273,39.0
2019-09-14 13:49:20.004521,-9.899999618530273,39.0
2019-09-14 13:49:25.004494,-9.899999618530273,39.0
2019-09-14 13:49:30.004536,-9.899999618530273,39.0
2019-09-14 13:49:35.004556,-9.899999618530273,39.0
2019-09-14 13:49:40.004393,-9.899999618530273,39.0
2019-09-14 13:49:45.004493,-9.899999618530273,39.0
2019-09-14 13:49:50.004479,-9.899999618530273,39.0
2019-09-14 13:49:55.004519,-9.899999618530273,39.0
2019-09-14 13:50:00.001953,-9.899999618530273,39.0
2019-09-14 13:50:05.004507,-9.899999618530273,39.0
2019-09-14 13:50:10.004539,-9.899999618530273,39.0
2019-09-14 13:50:15.004549,-9.899999618530273,39.0
2019-09-14 13:50:20.004539,-9.899999618530273,39.0
2019-09-14 13:50:25.004570,-9.899999618530273,39.0
2019-09-14 13:50:30.004509,-9.899999618530273,39.0
2019-09-14 13:50:35.004454,-9.899999618530273,39.0
2019-09-14 13:50:40.001929,-9.899999618530273,39.0
2019-09-14 13:50:45.004586,-9.899999618530273,39.0
2019-09-14 13:50:50.001999,-9.899999618530273,39.0
2019-09-14 13:50:55.004515,-9.899999618530273,39.0
2019-09-14 13:51:00.004591,-9.899999618530273,39.0
2019-09-14 13:51:05.004461,-9.899999618530273,39.0
2019-09-14 13:51:10.004469,-9.899999618530273,39.0
2019-09-14 13:51:15.002033,-9.899999618530273,39.0
2019-09-14 13:51:20.004587,-9.899999618530273,39.0
2019-09-14 13:51:25.004595,-9.899999618530273,39.0
2019-09-14 13:51:30.004577,-9.899999618530273,39.0
2019-09-14 13:51:35.004587,-9.899999618530273,39.0
2019-09-14 13:51:40.004572,-9.899999618530273,39.0
2019-09-14 13:51:45.004545,-9.899999618530273,39.0
2019-09-14 13:51:50.004589,-9.899999618530273,39.0
2019-09-14 13:51:55.004597,-9.899999618530273,39.0
2019-09-14 13:52:00.004567,-9.899999618530273,39.0
2019-09-14 13:52:05.004521,-9.899999618530273,39.099998474121094
2019-09-14 13:52:10.004587,-9.899999618530273,39.0
2019-09-14 13:52:15.004573,-9.899999618530273,39.0
2019-09-14 13:52:20.004507,-9.899999618530273,39.0
2019-09-14 13:52:25.004584,-9.899999618530273,39.0
2019-09-14 13:52:30.004467,-9.899999618530273,39.0
2019-09-14 13:52:35.004519,-9.899999618530273,39.0
2019-09-14 13:52:40.004563,-9.899999618530273,39.0
2019-09-14 13:52:45.004534,-9.899999618530273,39.0
2019-09-14 13:52:50.004517,-9.899999618530273,39.0
2019-09-14 13:52:55.004592,-9.899999618530273,39.0
2019-09-14 13:53:00.004558,-9.899999618530273,39.0
2019-09-14 13:53:05.004601,-9.899999618530273,39.0
2019-09-14 13:53:10.004578,-9.899999618530273,39.0
2019-09-14 13:53:15.004532,-9.899999618530273,39.0
2019-09-14 13:53:20.004403,-9.899999618530273,39.099998474121094
2019-09-14 13:53:25.004536,-9.899999618530273,39.099998474121094
2019-09-14 13:53:30.004433,-9.899999618530273,39.0
2019-09-14 13:53:35.004534,-9.899999618530273,39.0
2019-09-14 13:53:40.004477,-9.899999618530273,39.0
2019-09-14 13:53:45.004537,-9.899999618530273,39.0
2019-09-14 13:53:50.004528,-9.899999618530273,39.0
2019-09-14 13:53:55.004565,-9.899999618530273,39.0
2019-09-14 13:54:00.004564,-9.899999618530273,39.0
2019-09-14 13:54:05.004543,-9.899999618530273,39.0
2019-09-14 13:54:10.004531,-9.899999618530273,39.0
2019-09-14 13:54:15.004533,-9.899999618530273,39.0
2019-09-14 13:54:20.004494,-9.899999618530273,39.0
2019-09-14 13:54:25.004565,-9.899999618530273,39.0
2019-09-14 13:54:30.004467,-9.899999618530273,39.0
2019-09-14 13:54:35.004572,-9.899999618530273,39.0
2019-09-14 13:54:40.004458,-9.899999618530273,39.0
2019-09-14 13:54:45.004602,-9.899999618530273,39.0
2019-09-14 13:54:50.004533,-9.899999618530273,39.0
2019-09-14 13:54:55.004590,-9.899999618530273,39.0
2019-09-14 13:55:00.004596,-9.899999618530273,39.0
2019-09-14 13:55:05.004595,-9.899999618530273,39.0
2019-09-14 13:55:10.004553,-9.899999618530273,39.0
2019-09-14 13:55:15.004571,-9.899999618530273,39.0
2019-09-14 13:55:20.004500,-9.899999618530273,39.0
2019-09-14 13:55:25.004579,-9.899999618530273,39.0
2019-09-14 13:55:30.004466,-9.899999618530273,39.0
2019-09-14 13:55:35.004578,-9.899999618530273,39.0
2019-09-14 13:55:40.004570,-9.899999618530273,39.0
2019-09-14 13:55:45.004601,-9.899999618530273,39.0
2019-09-14 13:55:50.002052,-9.899999618530273,39.0
2019-09-14 13:55:55.004599,-9.899999618530273,39.0
2019-09-14 13:56:00.004598,-9.899999618530273,39.0
2019-09-14 13:56:05.000821,-9.899999618530273,39.0
2019-09-14 13:56:10.002020,-9.899999618530273,39.0
2019-09-14 13:56:15.004593,-9.899999618530273,39.0
2019-09-14 13:56:20.004542,-9.899999618530273,39.0
2019-09-14 13:56:25.004538,-9.899999618530273,39.0
2019-09-14 13:56:30.004600,-9.800000190734863,39.099998474121094
2019-09-14 13:56:35.004546,-9.899999618530273,39.0
2019-09-14 13:56:40.000928,-9.899999618530273,38.900001525878906
2019-09-14 13:56:45.004549,-9.899999618530273,38.900001525878906
2019-09-14 13:56:50.004580,-9.899999618530273,39.0
2019-09-14 13:56:55.004484,-9.899999618530273,39.0
2019-09-14 13:57:00.004563,-9.899999618530273,38.900001525878906
2019-09-14 13:57:05.004604,-9.899999618530273,38.900001525878906
2019-09-14 13:57:10.004536,-9.899999618530273,38.900001525878906
2019-09-14 13:57:15.004518,-9.899999618530273,38.900001525878906
2019-09-14 13:57:20.004520,-9.899999618530273,39.0
2019-09-14 13:57:30.001996,-9.899999618530273,38.900001525878906
2019-09-14 13:57:35.004538,-9.899999618530273,39.0
2019-09-14 13:57:40.004565,-9.899999618530273,39.0
2019-09-14 13:57:45.000923,-9.899999618530273,39.0
2019-09-14 13:57:50.004548,-9.899999618530273,39.0
2019-09-14 13:57:55.004575,-9.899999618530273,39.0
2019-09-14 13:58:00.002057,-9.899999618530273,39.0
2019-09-14 13:58:05.004583,-9.899999618530273,39.0
2019-09-14 13:58:10.004620,-9.899999618530273,39.0
2019-09-14 13:58:15.004586,-9.899999618530273,39.0
2019-09-14 13:58:20.004579,-9.899999618530273,39.0
2019-09-14 13:58:25.004504,-9.899999618530273,39.0
2019-09-14 13:58:30.004575,-9.899999618530273,39.0
2019-09-14 13:58:35.004560,-9.899999618530273,39.0
2019-09-14 13:58:40.004594,-10.0,38.900001525878906
2019-09-14 13:58:45.004533,-10.0,39.0
2019-09-14 13:58:50.004604,-10.0,39.0
2019-09-14 13:58:55.004625,-10.0,39.0
2019-09-14 13:59:00.004599,-10.0,39.0
2019-09-14 13:59:05.004593,-10.0,39.0
2019-09-14 13:59:10.004530,-10.0,39.0
2019-09-14 13:59:15.004571,-10.0,39.0
2019-09-14 13:59:20.004601,-10.0,39.099998474121094
2019-09-14 13:59:30.004521,-9.899999618530273,39.099998474121094
2019-09-14 13:59:35.004040,-10.0,39.099998474121094
2019-09-14 13:59:40.004576,-10.0,39.099998474121094
2019-09-14 13:59:45.004545,-10.0,39.099998474121094
2019-09-14 13:59:50.000765,-10.0,39.099998474121094
2019-09-14 13:59:55.000863,-10.0,39.099998474121094
2019-09-14 14:00:00.004552,-10.0,39.099998474121094
2019-09-14 14:00:05.004551,-9.899999618530273,39.099998474121094
2019-09-14 14:00:10.004567,-9.899999618530273,39.099998474121094
2019-09-14 14:00:15.004550,-9.899999618530273,39.20000076293945
2019-09-14 14:00:20.004549,-9.899999618530273,39.20000076293945
2019-09-14 14:00:25.000815,-9.899999618530273,39.20000076293945
2019-09-14 14:00:30.004549,-9.899999618530273,39.20000076293945
2019-09-14 14:00:35.000823,-9.899999618530273,39.20000076293945
2019-09-14 14:00:40.002022,-9.899999618530273,39.099998474121094
2019-09-14 14:00:45.004590,-9.899999618530273,39.099998474121094
2019-09-14 14:00:50.004545,-9.899999618530273,39.099998474121094
2019-09-14 14:00:55.004559,-9.899999618530273,39.099998474121094
2019-09-14 14:01:00.004602,-9.899999618530273,39.099998474121094
2019-09-14 14:01:05.000788,-9.899999618530273,39.099998474121094
2019-09-14 14:01:10.004573,-9.899999618530273,39.099998474121094
2019-09-14 14:01:15.004556,-9.899999618530273,39.099998474121094
2019-09-14 14:01:20.004591,-9.899999618530273,39.099998474121094
2019-09-14 14:01:25.004551,-9.899999618530273,39.099998474121094
2019-09-14 14:01:30.004546,-9.899999618530273,39.099998474121094
2019-09-14 14:01:35.004649,-9.899999618530273,39.20000076293945
2019-09-14 14:01:40.004579,-9.899999618530273,39.099998474121094
2019-09-14 14:01:45.004544,-9.899999618530273,39.099998474121094
2019-09-14 14:01:50.004568,-9.899999618530273,39.099998474121094
2019-09-14 14:01:55.004574,-9.899999618530273,39.099998474121094
2019-09-14 14:02:00.004553,-9.899999618530273,39.099998474121094
2019-09-14 14:02:05.000843,-9.899999618530273,39.099998474121094
2019-09-14 14:02:10.004579,-9.899999618530273,39.099998474121094
2019-09-14 14:02:15.004553,-9.899999618530273,39.20000076293945
2019-09-14 14:02:20.004563,-9.899999618530273,39.20000076293945
2019-09-14 14:02:25.004584,-9.899999618530273,39.099998474121094
2019-09-14 14:02:30.004545,-9.899999618530273,39.099998474121094
2019-09-14 14:02:35.004642,-9.899999618530273,39.099998474121094
2019-09-14 14:02:40.004575,-10.0,39.099998474121094
2019-09-14 14:02:45.004546,-10.0,39.099998474121094
2019-09-14 14:02:50.004596,-10.0,39.099998474121094
2019-09-14 14:02:55.004588,-10.0,39.099998474121094
2019-09-14 14:03:00.004554,-10.0,39.099998474121094
2019-09-14 14:03:05.004595,-10.0,39.099998474121094
2019-09-14 14:03:10.000797,-10.0,39.099998474121094
2019-09-14 14:03:15.004625,-10.0,39.099998474121094
2019-09-14 14:03:20.004772,-10.0,39.099998474121094
2019-09-14 14:03:25.004593,-10.0,39.099998474121094
2019-09-14 14:03:30.004599,-10.0,39.099998474121094
2019-09-14 14:03:35.004604,-9.899999618530273,39.20000076293945
2019-09-14 14:03:40.004594,-9.899999618530273,39.20000076293945
2019-09-14 14:03:45.004590,-9.899999618530273,39.20000076293945
2019-09-14 14:03:50.004585,-9.899999618530273,39.20000076293945
2019-09-14 14:03:55.004611,-9.899999618530273,39.20000076293945
2019-09-14 14:04:00.004598,-9.899999618530273,39.20000076293945
2019-09-14 14:04:05.004616,-9.899999618530273,39.20000076293945
2019-09-14 14:04:10.000834,-9.899999618530273,39.20000076293945
2019-09-14 14:04:15.004603,-9.899999618530273,39.099998474121094
2019-09-14 14:04:20.004593,-9.899999618530273,39.099998474121094
2019-09-14 14:04:25.004615,-9.899999618530273,39.099998474121094
2019-09-14 14:04:30.004601,-9.899999618530273,39.099998474121094
2019-09-14 14:04:35.004596,-9.899999618530273,39.099998474121094
2019-09-14 14:04:40.004614,-9.899999618530273,39.099998474121094
2019-09-14 14:04:45.000915,-9.899999618530273,39.099998474121094
2019-09-14 14:04:50.004607,-9.899999618530273,39.099998474121094
2019-09-14 14:04:55.004622,-9.899999618530273,39.099998474121094
2019-09-14 14:05:00.004596,-9.899999618530273,39.099998474121094
2019-09-14 14:05:05.004593,-9.899999618530273,39.099998474121094
2019-09-14 14:05:10.004595,-9.899999618530273,39.099998474121094
2019-09-14 14:05:15.004587,-9.899999618530273,39.099998474121094
2019-09-14 14:05:20.004610,-9.899999618530273,39.099998474121094
2019-09-14 14:05:25.004595,-9.899999618530273,39.099998474121094
2019-09-14 14:05:30.004571,-9.899999618530273,39.099998474121094
2019-09-14 14:05:35.004588,-9.899999618530273,39.099998474121094
2019-09-14 14:05:40.004583,-9.899999618530273,39.099998474121094
2019-09-14 14:05:45.004558,-9.899999618530273,39.099998474121094
2019-09-14 14:05:50.004578,-9.899999618530273,39.099998474121094
2019-09-14 14:05:55.004564,-9.899999618530273,39.099998474121094
2019-09-14 14:06:00.004608,-9.899999618530273,39.099998474121094
2019-09-14 14:06:05.004595,-9.899999618530273,39.099998474121094
2019-09-14 14:06:10.004631,-9.899999618530273,39.099998474121094
2019-09-14 14:06:15.004591,-9.899999618530273,39.099998474121094
2019-09-14 14:06:20.004602,-9.899999618530273,39.099998474121094
2019-09-14 14:06:25.004600,-9.899999618530273,39.099998474121094
2019-09-14 14:06:30.004598,-9.899999618530273,39.099998474121094
2019-09-14 14:06:35.004596,-9.899999618530273,39.099998474121094
2019-09-14 14:06:40.004595,-9.899999618530273,39.099998474121094
2019-09-14 14:06:45.004593,-9.899999618530273,39.099998474121094
2019-09-14 14:06:50.004614,-9.899999618530273,39.099998474121094
2019-09-14 14:06:55.002056,-9.899999618530273,39.099998474121094
2019-09-14 14:07:00.000781,-9.899999618530273,39.099998474121094
2019-09-14 14:07:05.004601,-9.899999618530273,39.099998474121094
2019-09-14 14:07:10.004598,-9.899999618530273,39.099998474121094
2019-09-14 14:07:15.004589,-9.899999618530273,39.099998474121094
2019-09-14 14:07:20.004588,-9.899999618530273,39.099998474121094
2019-09-14 14:07:25.004596,-10.0,39.099998474121094
2019-09-14 14:07:30.004577,-9.899999618530273,39.20000076293945
2019-09-14 14:07:35.004577,-9.899999618530273,39.20000076293945
2019-09-14 14:07:40.004585,-10.0,39.099998474121094
2019-09-14 14:07:45.002060,-9.899999618530273,39.20000076293945
2019-09-14 14:07:50.004617,-9.899999618530273,39.099998474121094
2019-09-14 14:07:55.004582,-9.899999618530273,39.099998474121094
2019-09-14 14:08:00.004631,-9.899999618530273,39.099998474121094
2019-09-14 14:08:05.004590,-9.899999618530273,39.099998474121094
2019-09-14 14:08:10.004587,-9.899999618530273,39.099998474121094
2019-09-14 14:08:15.004579,-9.899999618530273,39.099998474121094
2019-09-14 14:08:20.004622,-9.899999618530273,39.099998474121094
2019-09-14 14:08:25.004582,-9.899999618530273,39.099998474121094
2019-09-14 14:08:30.004580,-9.899999618530273,39.099998474121094
2019-09-14 14:08:35.004584,-9.899999618530273,39.099998474121094
2019-09-14 14:08:40.004632,-9.899999618530273,39.099998474121094
2019-09-14 14:08:45.002087,-9.899999618530273,39.099998474121094
2019-09-14 14:08:50.004595,-9.899999618530273,39.099998474121094
2019-09-14 14:08:55.004592,-9.899999618530273,39.099998474121094
2019-09-14 14:09:00.004598,-9.899999618530273,39.099998474121094
2019-09-14 14:09:05.004588,-9.899999618530273,39.099998474121094
2019-09-14 14:09:10.004595,-9.899999618530273,39.099998474121094
2019-09-14 14:09:15.004585,-9.899999618530273,39.099998474121094
2019-09-14 14:09:20.004587,-9.899999618530273,39.099998474121094
2019-09-14 14:09:25.004619,-9.899999618530273,39.099998474121094
2019-09-14 14:09:30.004593,-9.899999618530273,39.099998474121094
2019-09-14 14:09:35.004633,-9.899999618530273,39.099998474121094
2019-09-14 14:09:40.004611,-9.899999618530273,39.099998474121094
2019-09-14 14:09:45.004612,-9.899999618530273,39.099998474121094
2019-09-14 14:09:50.004596,-9.899999618530273,39.099998474121094
2019-09-14 14:09:55.004593,-9.899999618530273,39.099998474121094
2019-09-14 14:10:00.004415,-9.899999618530273,39.099998474121094
2019-09-14 14:10:05.000846,-9.899999618530273,39.099998474121094
2019-09-14 14:10:15.004496,-10.0,39.0
2019-09-14 14:10:20.004589,-10.0,39.099998474121094
2019-09-14 14:10:25.004592,-10.0,39.099998474121094
2019-09-14 14:10:30.004594,-9.899999618530273,39.099998474121094
2019-09-14 14:10:35.004593,-9.899999618530273,39.099998474121094
2019-09-14 14:10:40.002084,-9.899999618530273,39.099998474121094
2019-09-14 14:10:45.004602,-9.899999618530273,39.099998474121094
2019-09-14 14:10:50.004555,-9.899999618530273,39.099998474121094
2019-09-14 14:10:55.004604,-9.899999618530273,39.099998474121094
2019-09-14 14:11:00.000780,-9.899999618530273,39.099998474121094
2019-09-14 14:11:05.004585,-9.899999618530273,39.099998474121094
2019-09-14 14:11:10.004594,-9.899999618530273,39.20000076293945
2019-09-14 14:11:15.004596,-9.899999618530273,39.099998474121094
2019-09-14 14:11:20.004586,-10.0,39.099998474121094
2019-09-14 14:11:25.004591,-9.899999618530273,39.099998474121094
2019-09-14 14:11:30.002066,-9.899999618530273,39.099998474121094
2019-09-14 14:11:35.004597,-9.899999618530273,39.099998474121094
2019-09-14 14:11:40.004592,-9.899999618530273,39.099998474121094
2019-09-14 14:11:45.004591,-9.899999618530273,39.099998474121094
2019-09-14 14:11:50.004626,-9.899999618530273,39.20000076293945
2019-09-14 14:11:55.004600,-9.899999618530273,39.20000076293945
2019-09-14 14:12:00.004600,-9.899999618530273,39.20000076293945
2019-09-14 14:12:05.004602,-9.899999618530273,39.20000076293945
2019-09-14 14:12:10.004595,-9.899999618530273,39.20000076293945
2019-09-14 14:12:15.004593,-9.899999618530273,39.20000076293945
2019-09-14 14:12:20.004595,-9.899999618530273,39.20000076293945
2019-09-14 14:12:25.000881,-10.0,39.099998474121094
2019-09-14 14:12:30.002022,-9.899999618530273,39.20000076293945
2019-09-14 14:12:35.000417,-9.899999618530273,39.20000076293945
2019-09-14 14:12:40.002379,-10.0,39.099998474121094
2019-09-14 14:12:45.002021,-9.899999618530273,39.20000076293945
2019-09-14 14:12:50.004550,-10.0,39.099998474121094
2019-09-14 14:12:55.004593,-9.899999618530273,39.20000076293945
2019-09-14 14:13:00.004614,-9.899999618530273,39.20000076293945
2019-09-14 14:13:05.004611,-9.899999618530273,39.099998474121094
2019-09-14 14:13:10.004597,-10.0,39.099998474121094
2019-09-14 14:13:15.004620,-9.899999618530273,39.20000076293945
2019-09-14 14:13:20.004550,-9.899999618530273,39.20000076293945
2019-09-14 14:13:25.004566,-9.899999618530273,39.20000076293945
2019-09-14 14:13:30.004549,-9.899999618530273,39.20000076293945
2019-09-14 14:13:35.004581,-9.899999618530273,39.20000076293945
2019-09-14 14:13:40.004578,-9.899999618530273,39.20000076293945
2019-09-14 14:13:45.004580,-10.0,39.099998474121094
2019-09-14 14:13:50.004552,-10.0,39.099998474121094
2019-09-14 14:13:55.004593,-9.899999618530273,39.20000076293945
2019-09-14 14:14:00.004553,-9.899999618530273,39.20000076293945
2019-09-14 14:14:05.004581,-9.899999618530273,39.20000076293945
2019-09-14 14:14:10.004551,-9.899999618530273,39.20000076293945
2019-09-14 14:14:15.004584,-9.899999618530273,39.20000076293945
2019-09-14 14:14:20.004553,-9.899999618530273,39.20000076293945
2019-09-14 14:14:25.004568,-9.899999618530273,39.20000076293945
2019-09-14 14:14:30.004619,-10.0,39.099998474121094
2019-09-14 14:14:35.004723,-9.899999618530273,39.20000076293945
2019-09-14 14:14:40.004550,-9.899999618530273,39.099998474121094
2019-09-14 14:14:45.004627,-10.0,39.099998474121094
2019-09-14 14:14:50.004668,-9.899999618530273,39.20000076293945
2019-09-14 14:14:55.004572,-9.899999618530273,39.20000076293945
2019-09-14 14:15:00.004648,-9.899999618530273,39.20000076293945
2019-09-14 14:15:05.004611,-9.899999618530273,39.20000076293945
2019-09-14 14:15:10.004631,-10.0,39.099998474121094
2019-09-14 14:15:15.004641,-10.0,39.099998474121094
2019-09-14 14:15:20.004617,-10.0,39.099998474121094
2019-09-14 14:15:25.004598,-10.0,39.099998474121094
2019-09-14 14:15:30.004647,-10.0,39.099998474121094
2019-09-14 14:15:35.004601,-10.0,39.099998474121094
2019-09-14 14:15:40.004602,-10.0,39.099998474121094
2019-09-14 14:15:45.000827,-10.0,39.099998474121094
2019-09-14 14:15:55.004521,-10.0,39.099998474121094
2019-09-14 14:16:00.004575,-10.0,39.099998474121094
2019-09-14 14:16:05.004550,-10.0,39.099998474121094
2019-09-14 14:16:10.004552,-9.899999618530273,39.20000076293945
2019-09-14 14:16:15.004171,-9.899999618530273,39.20000076293945
2019-09-14 14:16:20.004552,-9.899999618530273,39.20000076293945
2019-09-14 14:16:25.004576,-9.899999618530273,39.20000076293945
2019-09-14 14:16:30.002059,-9.899999618530273,39.099998474121094
2019-09-14 14:16:35.002036,-9.899999618530273,39.20000076293945
2019-09-14 14:16:40.004604,-9.899999618530273,39.099998474121094
2019-09-14 14:16:45.004600,-9.899999618530273,39.20000076293945
2019-09-14 14:16:50.004594,-9.899999618530273,39.20000076293945
2019-09-14 14:16:55.004604,-9.899999618530273,39.099998474121094
2019-09-14 14:17:00.004608,-9.899999618530273,39.099998474121094
2019-09-14 14:17:05.004612,-9.899999618530273,39.20000076293945
2019-09-14 14:17:10.004629,-9.899999618530273,39.099998474121094
2019-09-14 14:17:15.004611,-9.899999618530273,39.099998474121094
2019-09-14 14:17:20.000846,-9.899999618530273,39.099998474121094
2019-09-14 14:17:25.004588,-9.899999618530273,39.099998474121094
2019-09-14 14:17:30.000863,-9.899999618530273,39.099998474121094
2019-09-14 14:17:35.004601,-9.899999618530273,39.099998474121094
2019-09-14 14:17:40.004599,-9.899999618530273,39.099998474121094
2019-09-14 14:17:45.004552,-9.899999618530273,39.099998474121094
2019-09-14 14:17:50.000792,-9.899999618530273,39.099998474121094
2019-09-14 14:17:55.000875,-9.899999618530273,39.20000076293945
2019-09-14 14:18:00.004604,-10.0,39.099998474121094
2019-09-14 14:18:05.002062,-9.899999618530273,39.20000076293945
2019-09-14 14:18:10.004598,-10.0,39.099998474121094
2019-09-14 14:18:15.004593,-10.0,39.099998474121094
2019-09-14 14:18:20.004595,-10.0,39.099998474121094
2019-09-14 14:18:25.004620,-9.899999618530273,39.20000076293945
2019-09-14 14:18:30.004600,-10.0,39.099998474121094
2019-09-14 14:18:35.004596,-9.899999618530273,39.20000076293945
2019-09-14 14:18:40.004620,-10.0,39.099998474121094
2019-09-14 14:18:45.004591,-9.899999618530273,39.20000076293945
2019-09-14 14:18:50.004637,-9.899999618530273,39.20000076293945
2019-09-14 14:18:55.004588,-9.899999618530273,39.20000076293945
2019-09-14 14:19:00.004602,-9.899999618530273,39.20000076293945
2019-09-14 14:19:05.004623,-9.899999618530273,39.20000076293945
2019-09-14 14:19:10.004595,-9.899999618530273,39.20000076293945
2019-09-14 14:19:15.004592,-9.899999618530273,39.20000076293945
2019-09-14 14:19:20.004618,-10.0,39.099998474121094
2019-09-14 14:19:25.004597,-10.0,39.099998474121094
2019-09-14 14:19:30.004595,-9.899999618530273,39.20000076293945
2019-09-14 14:19:35.004634,-9.899999618530273,39.20000076293945
2019-09-14 14:19:40.004593,-9.899999618530273,39.099998474121094
2019-09-14 14:19:45.004615,-9.899999618530273,39.099998474121094
2019-09-14 14:19:50.004595,-9.899999618530273,39.099998474121094
2019-09-14 14:19:55.004606,-9.899999618530273,39.099998474121094
2019-09-14 14:20:05.004515,-9.899999618530273,39.099998474121094
2019-09-14 14:20:10.004572,-9.899999618530273,39.099998474121094
2019-09-14 14:20:25.004462,-9.899999618530273,39.099998474121094
2019-09-14 14:20:30.004552,-9.899999618530273,39.099998474121094
2019-09-14 14:20:35.004557,-9.899999618530273,39.099998474121094
2019-09-14 14:20:40.004564,-9.899999618530273,39.099998474121094
2019-09-14 14:20:45.004553,-9.899999618530273,39.099998474121094
2019-09-14 14:20:50.004601,-9.899999618530273,39.099998474121094
2019-09-14 14:20:55.004556,-9.899999618530273,39.099998474121094
2019-09-14 14:21:00.004555,-9.899999618530273,39.099998474121094
2019-09-14 14:21:05.004576,-9.899999618530273,39.099998474121094
2019-09-14 14:21:10.004585,-9.899999618530273,39.099998474121094
2019-09-14 14:21:15.004557,-9.899999618530273,39.099998474121094
2019-09-14 14:21:20.004609,-9.899999618530273,39.099998474121094
2019-09-14 14:21:25.004578,-9.899999618530273,39.099998474121094
2019-09-14 14:21:30.004602,-9.899999618530273,39.099998474121094
2019-09-14 14:21:35.004602,-9.899999618530273,39.099998474121094
2019-09-14 14:21:40.004600,-9.899999618530273,39.099998474121094
2019-09-14 14:21:45.004600,-9.899999618530273,39.099998474121094
2019-09-14 14:21:50.004601,-9.899999618530273,39.099998474121094
2019-09-14 14:21:55.004633,-9.899999618530273,39.099998474121094
2019-09-14 14:22:00.004609,-9.899999618530273,39.099998474121094
2019-09-14 14:22:05.002053,-9.899999618530273,39.099998474121094
2019-09-14 14:22:10.004569,-9.899999618530273,39.099998474121094
2019-09-14 14:22:15.004701,-9.899999618530273,39.099998474121094
2019-09-14 14:22:20.000804,-9.899999618530273,39.099998474121094
2019-09-14 14:22:25.004555,-9.899999618530273,39.099998474121094
2019-09-14 14:22:30.000799,-9.899999618530273,39.099998474121094
2019-09-14 14:22:35.004573,-9.899999618530273,38.79999923706055
2019-09-14 14:22:40.004588,-9.899999618530273,39.099998474121094
2019-09-14 14:22:45.004550,-9.899999618530273,39.099998474121094
2019-09-14 14:22:50.004549,-9.899999618530273,39.099998474121094
2019-09-14 14:22:55.004551,-9.899999618530273,39.099998474121094
2019-09-14 14:23:00.000849,-9.899999618530273,39.099998474121094
2019-09-14 14:23:05.000783,-9.899999618530273,39.099998474121094
2019-09-14 14:23:10.004553,-9.899999618530273,39.099998474121094
2019-09-14 14:23:15.000805,-9.899999618530273,39.099998474121094
2019-09-14 14:23:20.004617,-9.899999618530273,39.099998474121094
2019-09-14 14:23:25.004545,-9.899999618530273,39.099998474121094
2019-09-14 14:23:30.004596,-9.899999618530273,39.099998474121094
2019-09-14 14:23:35.004606,-9.899999618530273,39.099998474121094
2019-09-14 14:23:40.004594,-9.899999618530273,39.099998474121094
2019-09-14 14:23:45.004616,-9.899999618530273,39.099998474121094
2019-09-14 14:23:50.004610,-9.899999618530273,39.099998474121094
2019-09-14 14:23:55.004586,-9.899999618530273,39.099998474121094
2019-09-14 14:24:00.004593,-9.899999618530273,39.099998474121094
2019-09-14 14:24:05.004597,-9.899999618530273,39.099998474121094
2019-09-14 14:24:10.004591,-9.899999618530273,39.099998474121094
2019-09-14 14:24:15.004595,-9.899999618530273,39.099998474121094
2019-09-14 14:24:20.004615,-9.899999618530273,39.099998474121094
2019-09-14 14:24:25.004588,-9.899999618530273,39.099998474121094
2019-09-14 14:24:30.004596,-9.899999618530273,39.099998474121094
2019-09-14 14:24:35.004613,-9.899999618530273,39.099998474121094
2019-09-14 14:24:40.004596,-9.899999618530273,39.099998474121094
2019-09-14 14:24:45.004588,-9.899999618530273,39.099998474121094
2019-09-14 14:24:50.004596,-9.899999618530273,39.099998474121094
2019-09-14 14:24:55.004620,-9.899999618530273,39.099998474121094
2019-09-14 14:25:00.004621,-9.899999618530273,39.099998474121094
2019-09-14 14:25:05.004594,-9.899999618530273,39.099998474121094
2019-09-14 14:25:10.004592,-9.899999618530273,39.099998474121094
2019-09-14 14:25:15.004597,-9.899999618530273,39.099998474121094
2019-09-14 14:25:20.004586,-9.899999618530273,39.099998474121094
2019-09-14 14:25:25.004610,-9.899999618530273,39.099998474121094
2019-09-14 14:25:30.004618,-9.899999618530273,39.099998474121094
2019-09-14 14:25:35.004590,-9.899999618530273,39.099998474121094
2019-09-14 14:25:40.004615,-9.899999618530273,39.099998474121094
2019-09-14 14:25:45.004590,-9.899999618530273,39.099998474121094
2019-09-14 14:25:50.004625,-9.899999618530273,39.099998474121094
2019-09-14 14:25:55.004614,-9.899999618530273,39.099998474121094
2019-09-14 14:26:00.004596,-9.899999618530273,39.099998474121094
2019-09-14 14:26:05.004615,-10.0,39.099998474121094
2019-09-14 14:26:10.004612,-10.0,39.0
2019-09-14 14:26:15.004620,-9.899999618530273,39.099998474121094
2019-09-14 14:26:20.004589,-9.899999618530273,39.099998474121094
2019-09-14 14:26:25.004611,-9.899999618530273,39.099998474121094
2019-09-14 14:26:30.004593,-9.899999618530273,39.099998474121094
2019-09-14 14:26:35.004595,-9.899999618530273,39.099998474121094
2019-09-14 14:26:40.004626,-9.899999618530273,39.099998474121094
2019-09-14 14:26:45.004591,-9.899999618530273,39.099998474121094
2019-09-14 14:26:50.004591,-9.899999618530273,39.099998474121094
2019-09-14 14:26:55.004590,-9.899999618530273,39.099998474121094
2019-09-14 14:27:00.004632,-9.899999618530273,39.099998474121094
2019-09-14 14:27:05.004593,-9.899999618530273,39.099998474121094
2019-09-14 14:27:10.000835,-9.899999618530273,39.099998474121094
2019-09-14 14:27:15.004557,-9.899999618530273,39.099998474121094
2019-09-14 14:27:20.004601,-9.899999618530273,39.099998474121094
2019-09-14 14:27:25.000788,-9.899999618530273,39.099998474121094
2019-09-14 14:27:30.000788,-9.899999618530273,39.099998474121094
2019-09-14 14:27:35.004584,-9.899999618530273,39.099998474121094
2019-09-14 14:27:40.004592,-9.899999618530273,39.099998474121094
2019-09-14 14:27:45.004593,-9.899999618530273,39.099998474121094
2019-09-14 14:27:50.004602,-9.899999618530273,39.099998474121094
2019-09-14 14:27:55.000870,-9.899999618530273,39.099998474121094
2019-09-14 14:28:05.001986,-9.899999618530273,39.099998474121094
2019-09-14 14:28:10.002040,-9.899999618530273,39.099998474121094
2019-09-14 14:28:15.004576,-9.899999618530273,39.099998474121094
2019-09-14 14:28:20.004583,-9.899999618530273,39.0
2019-09-14 14:28:25.004525,-9.899999618530273,39.0
2019-09-14 14:28:30.004604,-9.899999618530273,39.0
2019-09-14 14:28:35.004596,-9.899999618530273,39.0
2019-09-14 14:28:40.004593,-9.899999618530273,39.0
2019-09-14 14:28:45.004600,-9.899999618530273,39.0
2019-09-14 14:28:50.004603,-9.899999618530273,39.0
2019-09-14 14:28:55.004528,-9.899999618530273,39.0
2019-09-14 14:29:00.004599,-9.899999618530273,39.0
2019-09-14 14:29:05.004576,-9.899999618530273,39.0
2019-09-14 14:29:10.004589,-9.899999618530273,39.0
2019-09-14 14:29:15.004612,-9.899999618530273,39.0
2019-09-14 14:29:25.000788,-9.899999618530273,39.0
2019-09-14 14:29:30.004547,-9.899999618530273,39.0
2019-09-14 14:29:35.004598,-9.899999618530273,39.0
2019-09-14 14:29:40.004572,-9.899999618530273,39.0
2019-09-14 14:29:45.004579,-9.899999618530273,39.0
2019-09-14 14:29:50.000837,-9.899999618530273,39.0
2019-09-14 14:29:55.000789,-9.899999618530273,39.0
2019-09-14 14:30:00.004556,-9.899999618530273,39.0
2019-09-14 14:30:05.000842,-9.899999618530273,39.0
2019-09-14 14:30:10.004543,-9.899999618530273,39.0
2019-09-14 14:30:15.004572,-9.899999618530273,39.0
2019-09-14 14:30:20.002069,-9.899999618530273,39.0
2019-09-14 14:30:25.004547,-9.899999618530273,39.0
2019-09-14 14:30:30.000815,-9.899999618530273,39.0
2019-09-14 14:30:35.004577,-9.899999618530273,39.0
2019-09-14 14:30:40.000869,-9.899999618530273,39.0
2019-09-14 14:30:45.000826,-9.899999618530273,38.900001525878906
2019-09-14 14:30:50.004548,-9.899999618530273,38.900001525878906
2019-09-14 14:30:55.004600,-9.899999618530273,38.900001525878906
2019-09-14 14:31:00.004591,-9.899999618530273,39.0
2019-09-14 14:31:05.004594,-9.899999618530273,39.0
2019-09-14 14:31:10.004595,-9.899999618530273,39.0
2019-09-14 14:31:15.004583,-9.899999618530273,39.0
2019-09-14 14:31:20.004592,-9.899999618530273,39.0
2019-09-14 14:31:25.000841,-10.0,38.900001525878906
2019-09-14 14:31:30.004578,-9.899999618530273,39.0
2019-09-14 14:31:35.000859,-10.0,38.900001525878906
2019-09-14 14:31:40.004598,-10.0,38.900001525878906
2019-09-14 14:31:45.004586,-9.899999618530273,39.0
2019-09-14 14:31:50.004599,-9.899999618530273,39.0
2019-09-14 14:31:55.004608,-10.0,38.900001525878906
2019-09-14 14:32:00.004605,-10.0,38.900001525878906
2019-09-14 14:32:05.004560,-10.0,38.900001525878906
2019-09-14 14:32:10.000973,-10.0,38.900001525878906
2019-09-14 14:32:15.004602,-10.0,38.900001525878906
2019-09-14 14:32:20.004591,-10.0,38.900001525878906
2019-09-14 14:32:25.004625,-10.0,38.900001525878906
2019-09-14 14:32:30.004595,-10.0,38.900001525878906
2019-09-14 14:32:35.004614,-10.0,38.900001525878906
2019-09-14 14:58:38.223512,-10.100000381469727,38.900001525878906
2019-09-14 14:58:50.002561,-10.100000381469727,38.900001525878906
2019-09-14 14:58:55.002629,-10.100000381469727,38.900001525878906
2019-09-14 14:59:00.002767,-10.100000381469727,38.900001525878906
2019-09-14 14:59:05.002636,-10.100000381469727,38.900001525878906
2019-09-14 14:59:10.002547,-10.100000381469727,38.900001525878906
2019-09-14 14:59:15.002593,-10.100000381469727,38.900001525878906
2019-09-14 14:59:20.002575,-10.100000381469727,38.900001525878906
2019-09-14 14:59:25.002071,-10.100000381469727,38.900001525878906
2019-09-14 14:59:30.002589,-10.100000381469727,38.900001525878906
2019-09-14 14:59:35.002565,-10.100000381469727,38.900001525878906
2019-09-14 14:59:40.004626,-10.100000381469727,38.900001525878906
2019-09-14 14:59:54.656486,-10.100000381469727,39.0
2019-09-14 15:00:05.004886,-10.199999809265137,38.900001525878906
2019-09-14 15:00:30.000151,-10.199999809265137,38.900001525878906
2019-09-14 15:00:40.004545,-10.199999809265137,38.900001525878906
2019-09-14 15:00:45.004600,-10.199999809265137,38.900001525878906
2019-09-14 15:00:50.004595,-10.199999809265137,38.900001525878906
2019-09-14 15:00:55.004594,-10.100000381469727,39.0
2019-09-14 15:01:00.004674,-10.100000381469727,39.0
2019-09-14 15:01:05.005255,-10.100000381469727,39.0
2019-09-14 15:01:10.004666,-10.100000381469727,39.0
2019-09-14 15:01:15.004760,-10.100000381469727,39.0
2019-09-14 15:01:20.004714,-10.100000381469727,39.0
2019-09-14 15:01:25.004679,-10.100000381469727,39.0
2019-09-14 15:01:30.004648,-10.100000381469727,39.0
2019-09-14 15:01:35.004625,-10.100000381469727,39.0
2019-09-14 15:01:40.004620,-10.100000381469727,39.0
2019-09-14 15:01:45.004615,-10.100000381469727,39.0
2019-09-14 15:01:50.004596,-10.100000381469727,39.0
2019-09-14 15:01:55.004606,-10.100000381469727,39.0
2019-09-14 15:02:00.004606,-10.100000381469727,39.0
2019-09-14 15:02:05.004606,-10.100000381469727,39.0
2019-09-14 15:02:10.004598,-10.100000381469727,39.0
2019-09-14 15:02:15.001755,-10.100000381469727,39.0
2019-09-14 15:02:20.004597,-10.100000381469727,39.0
2019-09-14 15:02:25.004600,-10.100000381469727,39.0
2019-09-14 15:02:30.004597,-10.100000381469727,39.0
2019-09-14 15:02:35.004593,-10.100000381469727,39.0
2019-09-14 15:02:40.004600,-10.100000381469727,39.0
2019-09-14 15:02:45.004573,-10.100000381469727,38.900001525878906
2019-09-14 15:02:50.004598,-10.100000381469727,38.900001525878906
2019-09-14 15:02:55.004599,-10.100000381469727,39.0
2019-09-14 15:03:00.004598,-10.100000381469727,38.900001525878906
2019-09-14 15:03:05.004593,-10.100000381469727,38.900001525878906
2019-09-14 15:03:10.004595,-10.100000381469727,38.900001525878906
2019-09-14 15:03:15.004594,-10.100000381469727,38.900001525878906
2019-09-14 15:03:20.004598,-10.100000381469727,38.900001525878906
2019-09-14 15:03:25.004602,-10.100000381469727,38.900001525878906
2019-09-14 15:03:30.004592,-10.0,38.900001525878906
2019-09-14 15:03:35.004604,-10.100000381469727,38.900001525878906
2019-09-14 15:03:40.004596,-10.100000381469727,38.900001525878906
2019-09-14 15:03:45.004598,-10.0,38.900001525878906
2019-09-14 15:03:50.004596,-10.0,38.900001525878906
2019-09-14 15:03:55.004613,-10.0,38.900001525878906
2019-09-14 15:04:00.004600,-10.0,38.900001525878906
2019-09-14 15:04:05.004618,-10.0,38.900001525878906
2019-09-14 15:04:10.004616,-10.0,38.900001525878906
2019-09-14 15:04:15.004599,-10.0,38.900001525878906
2019-09-14 15:04:20.004596,-10.0,38.900001525878906
2019-09-14 15:04:32.974972,-10.100000381469727,38.79999923706055
2019-09-14 15:04:50.005296,-10.100000381469727,38.79999923706055
2019-09-14 15:05:15.004680,-10.100000381469727,38.900001525878906
2019-09-14 15:05:20.002082,-10.100000381469727,38.900001525878906
2019-09-14 15:05:25.002060,-10.100000381469727,39.20000076293945
2019-09-14 15:05:30.002042,-10.0,38.900001525878906
2019-09-14 15:05:35.002058,-10.0,38.5
2019-09-14 15:05:40.002152,-10.100000381469727,38.79999923706055
2019-09-14 15:05:45.002083,-10.0,38.400001525878906
2019-09-14 15:05:50.002112,-10.0,38.79999923706055
2019-09-14 15:05:55.002076,-10.0,38.79999923706055
2019-09-14 15:06:00.002069,-10.100000381469727,38.79999923706055
2019-09-14 15:06:05.002037,-10.0,38.5
2019-09-14 15:06:10.002076,-10.0,38.79999923706055
2019-09-14 15:06:15.002126,-10.0,38.79999923706055
2019-09-14 15:06:20.002144,-10.0,38.79999923706055
2019-09-14 15:06:25.002068,-10.0,38.79999923706055
2019-09-14 15:06:30.002049,-10.0,38.79999923706055
2019-09-14 15:06:35.002063,-10.0,38.400001525878906
2019-09-14 15:06:40.002087,-10.0,38.79999923706055
2019-09-14 15:06:45.004606,-10.100000381469727,38.70000076293945
2019-09-14 15:06:50.002066,-10.0,38.79999923706055
2019-09-14 15:06:55.002063,-10.0,39.0
2019-09-14 15:07:00.002065,-10.100000381469727,38.70000076293945
2019-09-14 15:07:05.001964,-10.100000381469727,38.70000076293945
2019-09-14 15:07:10.004496,-10.100000381469727,38.70000076293945
2019-09-14 15:07:15.001992,-10.100000381469727,38.70000076293945
2019-09-14 15:07:20.002047,-10.100000381469727,38.79999923706055
2019-09-14 15:07:25.002049,-10.0,38.79999923706055
2019-09-14 15:07:30.002050,-10.100000381469727,38.79999923706055
2019-09-14 15:07:35.002056,-10.100000381469727,38.70000076293945
2019-09-14 15:07:40.002083,-10.100000381469727,38.79999923706055
2019-09-14 15:07:45.002081,-10.100000381469727,38.79999923706055
2019-09-14 15:07:50.002047,-10.100000381469727,38.79999923706055
2019-09-14 15:07:55.002057,-10.100000381469727,39.0
2019-09-14 15:08:00.002057,-10.0,38.79999923706055
2019-09-14 15:08:05.002047,-10.100000381469727,38.79999923706055
2019-09-14 15:08:10.002046,-10.100000381469727,38.79999923706055
2019-09-14 15:08:15.002061,-10.100000381469727,38.79999923706055
2019-09-14 15:08:20.002090,-10.100000381469727,38.79999923706055
2019-09-14 15:08:25.002085,-10.100000381469727,38.79999923706055
2019-09-14 15:08:30.002080,-10.100000381469727,38.79999923706055
2019-09-14 15:08:35.004889,-10.100000381469727,38.79999923706055
2019-09-14 15:08:40.002049,-10.100000381469727,38.900001525878906
2019-09-14 15:08:45.002109,-10.100000381469727,38.79999923706055
2019-09-14 15:08:50.002061,-10.100000381469727,38.79999923706055
2019-09-14 15:08:55.004614,-10.100000381469727,38.79999923706055
2019-09-14 15:09:00.004608,-10.100000381469727,38.900001525878906
2019-09-14 15:09:05.002055,-10.100000381469727,38.79999923706055
2019-09-14 15:09:10.002048,-10.100000381469727,38.900001525878906
2019-09-14 15:09:15.004613,-10.100000381469727,38.900001525878906
2019-09-14 15:09:20.002061,-10.100000381469727,38.79999923706055
2019-09-14 15:09:25.002057,-10.100000381469727,38.79999923706055
2019-09-14 15:09:30.002072,-10.100000381469727,38.79999923706055
2019-09-14 15:09:35.002065,-10.0,38.900001525878906
2019-09-14 15:09:40.002062,-10.0,38.900001525878906
2019-09-14 15:09:45.002069,-10.0,38.900001525878906
2019-09-14 15:09:50.002082,-10.100000381469727,38.79999923706055
2019-09-14 15:09:55.004656,-10.100000381469727,38.79999923706055
2019-09-14 15:10:00.002061,-10.100000381469727,38.79999923706055
2019-09-14 15:10:10.002012,-10.100000381469727,38.79999923706055
2019-09-14 15:10:15.004645,-10.100000381469727,38.79999923706055
2019-09-14 15:10:20.002048,-10.100000381469727,38.79999923706055
2019-09-14 15:10:25.002048,-10.100000381469727,39.599998474121094
2019-09-14 15:10:30.002065,-10.100000381469727,38.79999923706055
2019-09-14 15:10:35.007543,-10.100000381469727,38.5
2019-09-14 15:10:40.002056,-10.199999809265137,38.70000076293945
2019-09-14 15:10:45.002071,-10.100000381469727,38.900001525878906
